212291,B
213111,E
213112,E
21311A,E
233511,E
233512,E
233513,E
233514,E
233515,E
233516,E
233517,E
233523,E
233524,E
233525,E
233526,E
233527,E
233528,E
233529,E
233532,E
233533,E
233534,E
233535,E
233536,E
233543,E
233544,E
233545,E
233551,E
233552,E
233572,E
233573,E
233574,E
233612,E
233621,E
233624,E
233625,E
233631,E
233701,E
233703,E
233706,E
233722,E
313230,C
314110,C
321920,C
321991,C
325180,C
3261A0,C
326290,C
332212,C
332213,C
332313,C
332322,C
332323,C
332410,C
332420,C
332430,C
332500,C
332910,C
332996,C
332999,C
333111,C
333112,C
333120,C
333131,C
333132,C
333210,C
333220,C
333291,C
333292,C
333293,C
333294,C
333295,C
333298,C
33331A,C
333313,C
333314,C
333315,C
333319,C
333411,C
333412,C
333415,C
333511,C
333512,C
333513,C
333514,C
33351A,C
333611,C
333618,C
333911,C
333912,C
333913,C
333922,C
333923,C
333924,C
333991,C
333992,C
333993,C
333994,C
333996,C
33399A,C
334111,C
334112,C
334113,C
334119,C
334210,C
334220,C
334290,C
334300,C
334510,C
334511,C
334513,C
334514,C
334515,C
334516,C
334517,C
334519,C
334613,C
335120,C
335211,C
335212,C
335221,C
335222,C
335224,C
335228,C
335311,C
335312,C
335313,C
335314,C
335911,C
335929,C
335931,C
335999,C
336110,C
336120,C
336211,C
336212,C
336213,C
336214,C
336360,C
336411,C
336412,C
336414,C
336500,C
336611,C
336612,C
336991,C
336999,C
337110,C
337121,C
337122,C
337124,C
337125,C
337127,C
337211,C
337212,C
337214,C
337215,C
337910,C
337920,C
339111,C
339112,C
339113,C
339114,C
339920,C
339942,C
339950,C
339992,C
339999,C
420000,F
4A0000,G
481000,I
482000,I
483000,I
484000,I
511200,J
513300,J
531210,L
541330,O
541511,M
541512,M
